seed,method,metric,value
0,raw,probe_auc,0.897847002023257
0,raw,probe_ap,0.7453763054970577
0,raw,probe_acc,0.8420061219684483
0,raw,probe_C,0.1
0,raw,lowlabel_auc@50,0.8218453403823567
0,raw,lowlabel_auc@200,0.8342903956558251
0,raw,lowlabel_auc@1000,0.883942157114722
0,raw,knn_auc,0.8911762684207538
0,raw,knn_pos_p10,0.577799043062201
0,raw,base_rate,0.2460560395573346
0,raw,dim,53.0
0,hgb_ref,probe_auc,0.9260101715733886
0,hgb_ref,probe_ap,0.8280780930433701
0,hgb_ref,probe_acc,0.8683776783611962
0,pca,probe_auc,0.8884392679216638
0,pca,probe_ap,0.7271623766032415
0,pca,probe_acc,0.8337650105957146
0,pca,probe_C,100.0
0,pca,lowlabel_auc@50,0.8125578025396807
0,pca,lowlabel_auc@200,0.859783071435616
0,pca,lowlabel_auc@1000,0.8836183650170796
0,pca,knn_auc,0.887683908681476
0,pca,knn_pos_p10,0.5602392344497608
0,pca,base_rate,0.2460560395573346
0,pca,dim,16.0
0,prop_knn,probe_auc,0.8881258424011309
0,prop_knn,probe_ap,0.7285567780300461
0,prop_knn,probe_acc,0.8344713915705204
0,prop_knn,probe_C,100.0
0,prop_knn,lowlabel_auc@50,0.8116612112943764
0,prop_knn,lowlabel_auc@200,0.8599604912001769
0,prop_knn,lowlabel_auc@1000,0.8833320607036871
0,prop_knn,knn_auc,0.884445165850291
0,prop_knn,knn_pos_p10,0.5618181818181818
0,prop_knn,base_rate,0.2460560395573346
0,prop_knn,dim,16.0
0,prop_rand,probe_auc,0.888436727643309
0,prop_rand,probe_ap,0.7272754298755971
0,prop_rand,probe_acc,0.8341182010831175
0,prop_rand,probe_C,100.0
0,prop_rand,lowlabel_auc@50,0.8066251131918148
0,prop_rand,lowlabel_auc@200,0.8592595985164774
0,prop_rand,lowlabel_auc@1000,0.8830745362497721
0,prop_rand,knn_auc,0.8864037578188273
0,prop_rand,knn_pos_p10,0.559712918660287
0,prop_rand,base_rate,0.2460560395573346
0,prop_rand,dim,16.0
0,prop_bip,probe_auc,0.8893494347133519
0,prop_bip,probe_ap,0.7293236343588656
0,prop_bip,probe_acc,0.8344713915705204
0,prop_bip,probe_C,100.0
0,prop_bip,lowlabel_auc@50,0.814090632648853
0,prop_bip,lowlabel_auc@200,0.8606624635021772
0,prop_bip,lowlabel_auc@1000,0.8846289213679249
0,prop_bip,knn_auc,0.8871952039544662
0,prop_bip,knn_pos_p10,0.559665071770335
0,prop_bip,base_rate,0.2460560395573346
0,prop_bip,dim,16.0
0,mlp_ae,probe_auc,0.8831824607228137
0,mlp_ae,probe_ap,0.7222936146441679
0,mlp_ae,probe_acc,0.8330586296209089
0,mlp_ae,probe_C,100.0
0,mlp_ae,lowlabel_auc@50,0.8188539197989295
0,mlp_ae,lowlabel_auc@200,0.8557772243125559
0,mlp_ae,lowlabel_auc@1000,0.8779117454999715
0,mlp_ae,knn_auc,0.8838725572235056
0,mlp_ae,knn_pos_p10,0.5642583732057417
0,mlp_ae,base_rate,0.2460560395573346
0,mlp_ae,recon_num_mse,0.012614754028618336
0,mlp_ae,recon_cat_acc,0.9938275218009949
0,mlp_ae,masked_num_mse,0.8519905805587769
0,mlp_ae,masked_cat_acc,0.7045148015022278
0,mlp_ae,n_params,4816.0
0,mlp_ae,best_step,1950.0
0,mlp_ae,train_seconds,116.5515763759613
0,mlp_ae,dim,16.0
0,sage_selfloop,probe_auc,0.8922243947413249
0,sage_selfloop,probe_ap,0.7371060029000853
0,sage_selfloop,probe_acc,0.8388274075818225
0,sage_selfloop,probe_C,100.0
0,sage_selfloop,lowlabel_auc@50,0.8263196596624717
0,sage_selfloop,lowlabel_auc@200,0.8629587929493827
0,sage_selfloop,lowlabel_auc@1000,0.8877506806451709
0,sage_selfloop,knn_auc,0.8838075559832521
0,sage_selfloop,knn_pos_p10,0.5646411483253588
0,sage_selfloop,base_rate,0.2460560395573346
0,sage_selfloop,recon_num_mse,0.007010078988969326
0,sage_selfloop,recon_cat_acc,0.9941303133964539
0,sage_selfloop,masked_num_mse,0.8490918278694153
0,sage_selfloop,masked_cat_acc,0.7073474526405334
0,sage_selfloop,n_params,9552.0
0,sage_selfloop,best_step,2000.0
0,sage_selfloop,train_seconds,184.34233951568604
0,sage_selfloop,dim,16.0
0,sage_rand,probe_auc,0.885524261152569
0,sage_rand,probe_ap,0.7260786672095813
0,sage_rand,probe_acc,0.8371791853072758
0,sage_rand,probe_C,10.0
0,sage_rand,lowlabel_auc@50,0.8302741632771384
0,sage_rand,lowlabel_auc@200,0.8571035596771157
0,sage_rand,lowlabel_auc@1000,0.8812061278985324
0,sage_rand,knn_auc,0.8843766156917476
0,sage_rand,knn_pos_p10,0.5636842105263158
0,sage_rand,base_rate,0.2460560395573346
0,sage_rand,recon_num_mse,0.014639869332313538
0,sage_rand,recon_cat_acc,0.9954084753990173
0,sage_rand,masked_num_mse,0.8679327368736267
0,sage_rand,masked_cat_acc,0.7019596695899963
0,sage_rand,n_params,9552.0
0,sage_rand,best_step,2000.0
0,sage_rand,train_seconds,175.8254053592682
0,sage_rand,dim,16.0
0,sage_knn,probe_auc,0.8766729227247325
0,sage_knn,probe_ap,0.7011491069079012
0,sage_knn,probe_acc,0.8302331057216858
0,sage_knn,probe_C,10.0
0,sage_knn,lowlabel_auc@50,0.8133212458421621
0,sage_knn,lowlabel_auc@200,0.8482874788185614
0,sage_knn,lowlabel_auc@1000,0.8716593583854589
0,sage_knn,knn_auc,0.8848758551025226
0,sage_knn,knn_pos_p10,0.5611961722488038
0,sage_knn,base_rate,0.2460560395573346
0,sage_knn,recon_num_mse,0.013632148504257202
0,sage_knn,recon_cat_acc,0.9955263137817383
0,sage_knn,masked_num_mse,0.866331160068512
0,sage_knn,masked_cat_acc,0.7045698165893555
0,sage_knn,n_params,9552.0
0,sage_knn,best_step,2000.0
0,sage_knn,train_seconds,187.57093572616577
0,sage_knn,dim,16.0
0,sage_bip,probe_auc,0.8860584293907217
0,sage_bip,probe_ap,0.7295213646704581
0,sage_bip,probe_acc,0.83647280433247
0,sage_bip,probe_C,100.0
0,sage_bip,lowlabel_auc@50,0.8225842289059768
0,sage_bip,lowlabel_auc@200,0.86068898326106
0,sage_bip,lowlabel_auc@1000,0.8809590783571272
0,sage_bip,knn_auc,0.8838165590285976
0,sage_bip,knn_pos_p10,0.5676076555023923
0,sage_bip,base_rate,0.2460560395573346
0,sage_bip,recon_num_mse,0.005859603639692068
0,sage_bip,recon_cat_acc,0.993995726108551
0,sage_bip,masked_num_mse,0.8496417999267578
0,sage_bip,masked_cat_acc,0.7009101510047913
0,sage_bip,n_params,14736.0
0,sage_bip,best_step,2000.0
0,sage_bip,train_seconds,175.32113456726074
0,sage_bip,dim,16.0
0,sage_bip_nopool,probe_auc,0.8902462650436778
0,sage_bip_nopool,probe_ap,0.7349000624835567
0,sage_bip_nopool,probe_acc,0.83647280433247
0,sage_bip_nopool,probe_C,100.0
0,sage_bip_nopool,lowlabel_auc@50,0.8335022855033785
0,sage_bip_nopool,lowlabel_auc@200,0.8646679706762221
0,sage_bip_nopool,lowlabel_auc@1000,0.8852374973476506
0,sage_bip_nopool,knn_auc,0.883961205466679
0,sage_bip_nopool,knn_pos_p10,0.5649282296650717
0,sage_bip_nopool,base_rate,0.2460560395573346
0,sage_bip_nopool,recon_num_mse,0.005594189744442701
0,sage_bip_nopool,recon_cat_acc,0.9934407472610474
0,sage_bip_nopool,masked_num_mse,0.8503755331039429
0,sage_bip_nopool,masked_cat_acc,0.7032566666603088
0,sage_bip_nopool,n_params,14736.0
0,sage_bip_nopool,best_step,1950.0
0,sage_bip_nopool,train_seconds,170.63427639007568
0,sage_bip_nopool,dim,16.0
0,sage_knn_k5,probe_auc,0.8770747349891963
0,sage_knn_k5,probe_ap,0.7095971464000085
0,sage_knn_k5,probe_acc,0.8335295502707794
0,sage_knn_k5,probe_C,10.0
0,sage_knn_k5,lowlabel_auc@50,0.8116597095415843
0,sage_knn_k5,lowlabel_auc@200,0.8476245670319686
0,sage_knn_k5,lowlabel_auc@1000,0.8722204087457301
0,sage_knn_k5,knn_auc,0.8839209345833494
0,sage_knn_k5,knn_pos_p10,0.5592344497607655
0,sage_knn_k5,base_rate,0.2460560395573346
0,sage_knn_k5,recon_num_mse,0.010541827417910099
0,sage_knn_k5,recon_cat_acc,0.9950217008590698
0,sage_knn_k5,masked_num_mse,0.8605672121047974
0,sage_knn_k5,masked_cat_acc,0.708836019039154
0,sage_knn_k5,n_params,9552.0
0,sage_knn_k5,best_step,1950.0
0,sage_knn_k5,train_seconds,156.4862723350525
0,sage_knn_k5,dim,16.0
0,sage_knn_k20,probe_auc,0.8796637269170883
0,sage_knn_k20,probe_ap,0.7099319313783864
0,sage_knn_k20,probe_acc,0.8312926771838945
0,sage_knn_k20,probe_C,0.01
0,sage_knn_k20,lowlabel_auc@50,0.8089481230331522
0,sage_knn_k20,lowlabel_auc@200,0.8510480553422054
0,sage_knn_k20,lowlabel_auc@1000,0.8750290600372376
0,sage_knn_k20,knn_auc,0.8851993670224052
0,sage_knn_k20,knn_pos_p10,0.5635406698564593
0,sage_knn_k20,base_rate,0.2460560395573346
0,sage_knn_k20,recon_num_mse,0.011010930873453617
0,sage_knn_k20,recon_cat_acc,0.9957616925239563
0,sage_knn_k20,masked_num_mse,0.8728430271148682
0,sage_knn_k20,masked_cat_acc,0.7037240266799927
0,sage_knn_k20,n_params,9552.0
0,sage_knn_k20,best_step,2000.0
0,sage_knn_k20,train_seconds,223.3549337387085
0,sage_knn_k20,dim,16.0
0,mlp_ae_nomask,probe_auc,0.8771091781751237
0,mlp_ae_nomask,probe_ap,0.7102498881141639
0,mlp_ae_nomask,probe_acc,0.832705439133506
0,mlp_ae_nomask,probe_C,0.1
0,mlp_ae_nomask,lowlabel_auc@50,0.8028768428225183
0,mlp_ae_nomask,lowlabel_auc@200,0.8521154317427205
0,mlp_ae_nomask,lowlabel_auc@1000,0.8721053154577433
0,mlp_ae_nomask,knn_auc,0.8825955443517657
0,mlp_ae_nomask,knn_pos_p10,0.5650717703349283
0,mlp_ae_nomask,base_rate,0.2460560395573346
0,mlp_ae_nomask,recon_num_mse,0.0006233054446056485
0,mlp_ae_nomask,recon_cat_acc,0.9989908337593079
0,mlp_ae_nomask,masked_num_mse,1.0416300296783447
0,mlp_ae_nomask,masked_cat_acc,0.4394971430301666
0,mlp_ae_nomask,n_params,4816.0
0,mlp_ae_nomask,best_step,1950.0
0,mlp_ae_nomask,train_seconds,115.76383876800537
0,mlp_ae_nomask,dim,16.0
0,sage_selfloop_nomask,probe_auc,0.8857555385539542
0,sage_selfloop_nomask,probe_ap,0.7272928690423147
0,sage_selfloop_nomask,probe_acc,0.8357664233576643
0,sage_selfloop_nomask,probe_C,100.0
0,sage_selfloop_nomask,lowlabel_auc@50,0.8300053644701727
0,sage_selfloop_nomask,lowlabel_auc@200,0.8629686962992628
0,sage_selfloop_nomask,lowlabel_auc@1000,0.8813781084788515
0,sage_selfloop_nomask,knn_auc,0.8861540260423361
0,sage_selfloop_nomask,knn_pos_p10,0.5706698564593301
0,sage_selfloop_nomask,base_rate,0.2460560395573346
0,sage_selfloop_nomask,recon_num_mse,0.000508687284309417
0,sage_selfloop_nomask,recon_cat_acc,0.9991253614425659
0,sage_selfloop_nomask,masked_num_mse,1.032910943031311
0,sage_selfloop_nomask,masked_cat_acc,0.42284640669822693
0,sage_selfloop_nomask,n_params,9552.0
0,sage_selfloop_nomask,best_step,2000.0
0,sage_selfloop_nomask,train_seconds,156.36504888534546
0,sage_selfloop_nomask,dim,16.0
0,sage_rand_nomask,probe_auc,0.8880442172804678
0,sage_rand_nomask,probe_ap,0.7321163771196532
0,sage_rand_nomask,probe_acc,0.837414645632211
0,sage_rand_nomask,probe_C,0.1
0,sage_rand_nomask,lowlabel_auc@50,0.840152988263914
0,sage_rand_nomask,lowlabel_auc@200,0.8663147023839766
0,sage_rand_nomask,lowlabel_auc@1000,0.8834148737780515
0,sage_rand_nomask,knn_auc,0.8869940736800265
0,sage_rand_nomask,knn_pos_p10,0.5687081339712918
0,sage_rand_nomask,base_rate,0.2460560395573346
0,sage_rand_nomask,recon_num_mse,0.0006423662416636944
0,sage_rand_nomask,recon_cat_acc,0.9988395571708679
0,sage_rand_nomask,masked_num_mse,1.0538959503173828
0,sage_rand_nomask,masked_cat_acc,0.41419538855552673
0,sage_rand_nomask,n_params,9552.0
0,sage_rand_nomask,best_step,1950.0
0,sage_rand_nomask,train_seconds,195.30473375320435
0,sage_rand_nomask,dim,16.0
0,sage_knn_nomask,probe_auc,0.8898063859609275
0,sage_knn_nomask,probe_ap,0.7336142469543842
0,sage_knn_nomask,probe_acc,0.8376501059571462
0,sage_knn_nomask,probe_C,10.0
0,sage_knn_nomask,lowlabel_auc@50,0.8384764120211947
0,sage_knn_nomask,lowlabel_auc@200,0.8683889890887573
0,sage_knn_nomask,lowlabel_auc@1000,0.8853496954654536
0,sage_knn_nomask,knn_auc,0.8872672656742646
0,sage_knn_nomask,knn_pos_p10,0.5723923444976077
0,sage_knn_nomask,base_rate,0.2460560395573346
0,sage_knn_nomask,recon_num_mse,0.0007956410408951342
0,sage_knn_nomask,recon_cat_acc,0.9988226890563965
0,sage_knn_nomask,masked_num_mse,1.1173486709594727
0,sage_knn_nomask,masked_cat_acc,0.507427990436554
0,sage_knn_nomask,n_params,9552.0
0,sage_knn_nomask,best_step,2000.0
0,sage_knn_nomask,train_seconds,176.478661775589
0,sage_knn_nomask,dim,16.0
0,mlp_ae_lr2x,probe_auc,0.8860456532848787
0,mlp_ae_lr2x,probe_ap,0.7240983264432119
0,mlp_ae_lr2x,probe_acc,0.8357664233576643
0,mlp_ae_lr2x,probe_C,0.1
0,mlp_ae_lr2x,lowlabel_auc@50,0.8382603837613454
0,mlp_ae_lr2x,lowlabel_auc@200,0.8590412615918878
0,mlp_ae_lr2x,lowlabel_auc@1000,0.8811760816355807
0,mlp_ae_lr2x,knn_auc,0.8842954014984654
0,mlp_ae_lr2x,knn_pos_p10,0.5655023923444976
0,mlp_ae_lr2x,base_rate,0.2460560395573346
0,mlp_ae_lr2x,recon_num_mse,0.009682544507086277
0,mlp_ae_lr2x,recon_cat_acc,0.9981163144111633
0,mlp_ae_lr2x,masked_num_mse,0.8497447371482849
0,mlp_ae_lr2x,masked_cat_acc,0.7082775235176086
0,mlp_ae_lr2x,n_params,4816.0
0,mlp_ae_lr2x,best_step,1750.0
0,mlp_ae_lr2x,train_seconds,123.4452474117279
0,mlp_ae_lr2x,dim,16.0
0,sage_knn_cleannbr,probe_auc,0.8776170097038634
0,sage_knn_cleannbr,probe_ap,0.7141495844056962
0,sage_knn_cleannbr,probe_acc,0.8342359312455851
0,sage_knn_cleannbr,probe_C,1.0
0,sage_knn_cleannbr,lowlabel_auc@50,0.8180276120785752
0,sage_knn_cleannbr,lowlabel_auc@200,0.8516936073148063
0,sage_knn_cleannbr,lowlabel_auc@1000,0.8725133140471415
0,sage_knn_cleannbr,knn_auc,0.8831543308757386
0,sage_knn_cleannbr,knn_pos_p10,0.5642583732057417
0,sage_knn_cleannbr,base_rate,0.2460560395573346
0,sage_knn_cleannbr,recon_num_mse,0.03655410185456276
0,sage_knn_cleannbr,recon_cat_acc,0.9920280575752258
0,sage_knn_cleannbr,masked_num_mse,0.03832807019352913
0,sage_knn_cleannbr,masked_cat_acc,0.9586377143859863
0,sage_knn_cleannbr,n_params,9552.0
0,sage_knn_cleannbr,best_step,2000.0
0,sage_knn_cleannbr,train_seconds,183.1367130279541
0,sage_knn_cleannbr,dim,16.0
1,raw,probe_auc,0.8959900585459446
1,raw,probe_ap,0.736984464394298
1,raw,probe_acc,0.835530963032729
1,raw,probe_C,0.1
1,raw,lowlabel_auc@50,0.7949949269146974
1,raw,lowlabel_auc@200,0.8338074289693344
1,raw,lowlabel_auc@1000,0.8808576353295937
1,raw,knn_auc,0.8924679626071026
1,raw,knn_pos_p10,0.5855023923444976
1,raw,base_rate,0.2460560395573346
1,raw,dim,53.0
1,hgb_ref,probe_auc,0.9285331909781267
1,hgb_ref,probe_ap,0.833617440452241
1,hgb_ref,probe_acc,0.8700259006357429
1,pca,probe_auc,0.8864384625039974
1,pca,probe_ap,0.7178402023210868
1,pca,probe_acc,0.8281139627972687
1,pca,probe_C,0.01
1,pca,lowlabel_auc@50,0.7964595057216035
1,pca,lowlabel_auc@200,0.858766545430637
1,pca,lowlabel_auc@1000,0.881350057081549
1,pca,knn_auc,0.8883833817978597
1,pca,knn_pos_p10,0.5724880382775119
1,pca,base_rate,0.2460560395573346
1,pca,dim,16.0
1,prop_knn,probe_auc,0.8860823378928839
1,prop_knn,probe_ap,0.718940002256091
1,prop_knn,probe_acc,0.827996232634801
1,prop_knn,probe_C,0.01
1,prop_knn,lowlabel_auc@50,0.791809619585845
1,prop_knn,lowlabel_auc@200,0.8604531557728572
1,prop_knn,lowlabel_auc@1000,0.880963015788577
1,prop_knn,knn_auc,0.8858114246777582
1,prop_knn,knn_pos_p10,0.5744976076555024
1,prop_knn,base_rate,0.2460560395573346
1,prop_knn,dim,16.0
1,prop_rand,probe_auc,0.8864352497990191
1,prop_rand,probe_ap,0.7178236913665244
1,prop_rand,probe_acc,0.827996232634801
1,prop_rand,probe_C,0.01
1,prop_rand,lowlabel_auc@50,0.7923418004297554
1,prop_rand,lowlabel_auc@200,0.8581764723901628
1,prop_rand,lowlabel_auc@1000,0.8808027279600967
1,prop_rand,knn_auc,0.886244019138756
1,prop_rand,knn_pos_p10,0.5712918660287082
1,prop_rand,base_rate,0.2460560395573346
1,prop_rand,dim,16.0
1,prop_bip,probe_auc,0.8873400371777208
1,prop_bip,probe_ap,0.7195994381206168
1,prop_bip,probe_acc,0.8287026136096067
1,prop_bip,probe_C,0.01
1,prop_bip,lowlabel_auc@50,0.7989771419776516
1,prop_bip,lowlabel_auc@200,0.8600329264903216
1,prop_bip,lowlabel_auc@1000,0.8823018209312959
1,prop_bip,knn_auc,0.8883824852290285
1,prop_bip,knn_pos_p10,0.5718181818181818
1,prop_bip,base_rate,0.2460560395573346
1,prop_bip,dim,16.0
1,mlp_ae,probe_auc,0.8772329046738133
1,mlp_ae,probe_ap,0.6839206682521868
1,mlp_ae,probe_acc,0.8263480103602543
1,mlp_ae,probe_C,1.0
1,mlp_ae,lowlabel_auc@50,0.8034626384825273
1,mlp_ae,lowlabel_auc@200,0.8498121538870741
1,mlp_ae,lowlabel_auc@1000,0.8728028161226984
1,mlp_ae,knn_auc,0.8861320227489398
1,mlp_ae,knn_pos_p10,0.5680382775119617
1,mlp_ae,base_rate,0.2460560395573346
1,mlp_ae,recon_num_mse,0.005966216791421175
1,mlp_ae,recon_cat_acc,0.995913028717041
1,mlp_ae,masked_num_mse,0.8520683646202087
1,mlp_ae,masked_cat_acc,0.7054405808448792
1,mlp_ae,n_params,4816.0
1,mlp_ae,best_step,2000.0
1,mlp_ae,train_seconds,98.99369502067566
1,mlp_ae,dim,16.0
1,sage_selfloop,probe_auc,0.8756303999593554
1,sage_selfloop,probe_ap,0.6815366423885375
1,sage_selfloop,probe_acc,0.8181068989875206
1,sage_selfloop,probe_C,0.01
1,sage_selfloop,lowlabel_auc@50,0.7973332195189011
1,sage_selfloop,lowlabel_auc@200,0.846868378465612
1,sage_selfloop,lowlabel_auc@1000,0.8703177253152186
1,sage_selfloop,knn_auc,0.887210296196456
1,sage_selfloop,knn_pos_p10,0.5699521531100479
1,sage_selfloop,base_rate,0.2460560395573346
1,sage_selfloop,recon_num_mse,0.00817899964749813
1,sage_selfloop,recon_cat_acc,0.9970903396606445
1,sage_selfloop,masked_num_mse,0.8560561537742615
1,sage_selfloop,masked_cat_acc,0.7029685974121094
1,sage_selfloop,n_params,9552.0
1,sage_selfloop,best_step,2000.0
1,sage_selfloop,train_seconds,232.48627400398254
1,sage_selfloop,dim,16.0
1,sage_rand,probe_auc,0.8731554590581844
1,sage_rand,probe_ap,0.6748186973469122
1,sage_rand,probe_acc,0.8222274546738875
1,sage_rand,probe_C,0.1
1,sage_rand,lowlabel_auc@50,0.7950715686069412
1,sage_rand,lowlabel_auc@200,0.8478517911950962
1,sage_rand,lowlabel_auc@1000,0.8674148857323025
1,sage_rand,knn_auc,0.8900466664076578
1,sage_rand,knn_pos_p10,0.5723444976076555
1,sage_rand,base_rate,0.2460560395573346
1,sage_rand,recon_num_mse,0.010113933123648167
1,sage_rand,recon_cat_acc,0.9933229684829712
1,sage_rand,masked_num_mse,0.8645130395889282
1,sage_rand,masked_cat_acc,0.6982220411300659
1,sage_rand,n_params,9552.0
1,sage_rand,best_step,2000.0
1,sage_rand,train_seconds,171.05476808547974
1,sage_rand,dim,16.0
1,sage_knn,probe_auc,0.8837360919760079
1,sage_knn,probe_ap,0.7065231225477698
1,sage_knn,probe_acc,0.8297621850718154
1,sage_knn,probe_C,0.01
1,sage_knn,lowlabel_auc@50,0.815778815722231
1,sage_knn,lowlabel_auc@200,0.8606200856820946
1,sage_knn,lowlabel_auc@1000,0.8776643634809584
1,sage_knn,knn_auc,0.8884597022196055
1,sage_knn,knn_pos_p10,0.5767464114832536
1,sage_knn,base_rate,0.2460560395573346
1,sage_knn,recon_num_mse,0.00647702207788825
1,sage_knn,recon_cat_acc,0.9953412413597107
1,sage_knn,masked_num_mse,0.8619219660758972
1,sage_knn,masked_cat_acc,0.7028144598007202
1,sage_knn,n_params,9552.0
1,sage_knn,best_step,2000.0
1,sage_knn,train_seconds,206.44489431381226
1,sage_knn,dim,16.0
1,sage_bip,probe_auc,0.8864071946660134
1,sage_bip,probe_ap,0.7193025832286826
1,sage_bip,probe_acc,0.8274075818224629
1,sage_bip,probe_C,1.0
1,sage_bip,lowlabel_auc@50,0.8188563480061803
1,sage_bip,lowlabel_auc@200,0.8631217069773974
1,sage_bip,lowlabel_auc@1000,0.8812337123329022
1,sage_bip,knn_auc,0.888050904189666
1,sage_bip,knn_pos_p10,0.5766028708133971
1,sage_bip,base_rate,0.2460560395573346
1,sage_bip,recon_num_mse,0.006616543047130108
1,sage_bip,recon_cat_acc,0.9954084753990173
1,sage_bip,masked_num_mse,0.8535049557685852
1,sage_bip,masked_cat_acc,0.7048391103744507
1,sage_bip,n_params,14736.0
1,sage_bip,best_step,2000.0
1,sage_bip,train_seconds,193.82415175437927
1,sage_bip,dim,16.0
1,sage_bip_nopool,probe_auc,0.8831016574569123
1,sage_bip_nopool,probe_ap,0.713791391604417
1,sage_bip_nopool,probe_acc,0.8309394866964916
1,sage_bip_nopool,probe_C,0.1
1,sage_bip_nopool,lowlabel_auc@50,0.8172008859594332
1,sage_bip_nopool,lowlabel_auc@200,0.8572794814245881
1,sage_bip_nopool,lowlabel_auc@1000,0.8783704786780987
1,sage_bip_nopool,knn_auc,0.8886511570220765
1,sage_bip_nopool,knn_pos_p10,0.5791866028708134
1,sage_bip_nopool,base_rate,0.2460560395573346
1,sage_bip_nopool,recon_num_mse,0.006267796270549297
1,sage_bip_nopool,recon_cat_acc,0.9937267303466797
1,sage_bip_nopool,masked_num_mse,0.8532980680465698
1,sage_bip_nopool,masked_cat_acc,0.7025843858718872
1,sage_bip_nopool,n_params,14736.0
1,sage_bip_nopool,best_step,1850.0
1,sage_bip_nopool,train_seconds,171.27547359466553
1,sage_bip_nopool,dim,16.0
1,sage_knn_k5,probe_auc,0.8781180422523005
1,sage_knn_k5,probe_ap,0.7013322759652577
1,sage_knn_k5,probe_acc,0.8275253119849305
1,sage_knn_k5,probe_C,1.0
1,sage_knn_k5,lowlabel_auc@50,0.8074970413228574
1,sage_knn_k5,lowlabel_auc@200,0.8532732868811059
1,sage_knn_k5,lowlabel_auc@1000,0.8731032600736979
1,sage_knn_k5,knn_auc,0.8887039425120066
1,sage_knn_k5,knn_pos_p10,0.5747846889952153
1,sage_knn_k5,base_rate,0.2460560395573346
1,sage_knn_k5,recon_num_mse,0.006415231619030237
1,sage_knn_k5,recon_cat_acc,0.9956103563308716
1,sage_knn_k5,masked_num_mse,0.861318826675415
1,sage_knn_k5,masked_cat_acc,0.7008408904075623
1,sage_knn_k5,n_params,9552.0
1,sage_knn_k5,best_step,2000.0
1,sage_knn_k5,train_seconds,153.04935097694397
1,sage_knn_k5,dim,16.0
1,sage_knn_k20,probe_auc,0.8743456168244129
1,sage_knn_k20,probe_ap,0.6903075730280308
1,sage_knn_k20,probe_acc,0.822698375323758
1,sage_knn_k20,probe_C,100.0
1,sage_knn_k20,lowlabel_auc@50,0.8051011927354015
1,sage_knn_k20,lowlabel_auc@200,0.8500131608832996
1,sage_knn_k20,lowlabel_auc@1000,0.8690182646013707
1,sage_knn_k20,knn_auc,0.8883379182867168
1,sage_knn_k20,knn_pos_p10,0.5763636363636364
1,sage_knn_k20,base_rate,0.2460560395573346
1,sage_knn_k20,recon_num_mse,0.008701654151082039
1,sage_knn_k20,recon_cat_acc,0.9958290457725525
1,sage_knn_k20,masked_num_mse,0.8646380305290222
1,sage_knn_k20,masked_cat_acc,0.7032972574234009
1,sage_knn_k20,n_params,9552.0
1,sage_knn_k20,best_step,2000.0
1,sage_knn_k20,train_seconds,226.1539430618286
1,sage_knn_k20,dim,16.0
1,mlp_ae_nomask,probe_auc,0.883822349368965
1,mlp_ae_nomask,probe_ap,0.7096933906861933
1,mlp_ae_nomask,probe_acc,0.8269366611725925
1,mlp_ae_nomask,probe_C,0.01
1,mlp_ae_nomask,lowlabel_auc@50,0.8179226724326003
1,mlp_ae_nomask,lowlabel_auc@200,0.8579412986500661
1,mlp_ae_nomask,lowlabel_auc@1000,0.8789085357835564
1,mlp_ae_nomask,knn_auc,0.8889221823083061
1,mlp_ae_nomask,knn_pos_p10,0.5774641148325359
1,mlp_ae_nomask,base_rate,0.2460560395573346
1,mlp_ae_nomask,recon_num_mse,0.0005090601625852287
1,mlp_ae_nomask,recon_cat_acc,0.999411404132843
1,mlp_ae_nomask,masked_num_mse,1.0689297914505005
1,mlp_ae_nomask,masked_cat_acc,0.4344206750392914
1,mlp_ae_nomask,n_params,4816.0
1,mlp_ae_nomask,best_step,2000.0
1,mlp_ae_nomask,train_seconds,104.55221748352051
1,mlp_ae_nomask,dim,16.0
1,sage_selfloop_nomask,probe_auc,0.8790269015477766
1,sage_selfloop_nomask,probe_ap,0.6986894436060083
1,sage_selfloop_nomask,probe_acc,0.8248175182481752
1,sage_selfloop_nomask,probe_C,0.01
1,sage_selfloop_nomask,lowlabel_auc@50,0.8019247016667215
1,sage_selfloop_nomask,lowlabel_auc@200,0.8523828856964398
1,sage_selfloop_nomask,lowlabel_auc@1000,0.8738237016936186
1,sage_selfloop_nomask,knn_auc,0.8869400927649884
1,sage_selfloop_nomask,knn_pos_p10,0.5714832535885167
1,sage_selfloop_nomask,base_rate,0.2460560395573346
1,sage_selfloop_nomask,recon_num_mse,0.0005410942831076682
1,sage_selfloop_nomask,recon_cat_acc,0.9992431998252869
1,sage_selfloop_nomask,masked_num_mse,1.0658897161483765
1,sage_selfloop_nomask,masked_cat_acc,0.47704648971557617
1,sage_selfloop_nomask,n_params,9552.0
1,sage_selfloop_nomask,best_step,2000.0
1,sage_selfloop_nomask,train_seconds,160.37017917633057
1,sage_selfloop_nomask,dim,16.0
1,sage_rand_nomask,probe_auc,0.8838938880902786
1,sage_rand_nomask,probe_ap,0.7139327323527078
1,sage_rand_nomask,probe_acc,0.8285848834471392
1,sage_rand_nomask,probe_C,100.0
1,sage_rand_nomask,lowlabel_auc@50,0.8177689594422146
1,sage_rand_nomask,lowlabel_auc@200,0.8548923706475318
1,sage_rand_nomask,lowlabel_auc@1000,0.8784495709918143
1,sage_rand_nomask,knn_auc,0.8896607682399458
1,sage_rand_nomask,knn_pos_p10,0.5789473684210527
1,sage_rand_nomask,base_rate,0.2460560395573346
1,sage_rand_nomask,recon_num_mse,0.0009050143416970968
1,sage_rand_nomask,recon_cat_acc,0.9986881613731384
1,sage_rand_nomask,masked_num_mse,1.051754355430603
1,sage_rand_nomask,masked_cat_acc,0.47178229689598083
1,sage_rand_nomask,n_params,9552.0
1,sage_rand_nomask,best_step,1900.0
1,sage_rand_nomask,train_seconds,205.29576778411865
1,sage_rand_nomask,dim,16.0
1,sage_knn_nomask,probe_auc,0.8744238424549251
1,sage_knn_nomask,probe_ap,0.6867638021219421
1,sage_knn_nomask,probe_acc,0.8237579467859666
1,sage_knn_nomask,probe_C,0.1
1,sage_knn_nomask,lowlabel_auc@50,0.7923639157942554
1,sage_knn_nomask,lowlabel_auc@200,0.843393498082837
1,sage_knn_nomask,lowlabel_auc@1000,0.8699643128248195
1,sage_knn_nomask,knn_auc,0.8860907432256753
1,sage_knn_nomask,knn_pos_p10,0.5755980861244019
1,sage_knn_nomask,base_rate,0.2460560395573346
1,sage_knn_nomask,recon_num_mse,0.0006364314467646182
1,sage_knn_nomask,recon_cat_acc,0.9988395571708679
1,sage_knn_nomask,masked_num_mse,1.1270132064819336
1,sage_knn_nomask,masked_cat_acc,0.5100954174995422
1,sage_knn_nomask,n_params,9552.0
1,sage_knn_nomask,best_step,1900.0
1,sage_knn_nomask,train_seconds,203.09646248817444
1,sage_knn_nomask,dim,16.0
1,mlp_ae_lr2x,probe_auc,0.8807673657911175
1,mlp_ae_lr2x,probe_ap,0.7030197953785499
1,mlp_ae_lr2x,probe_acc,0.830821756534024
1,mlp_ae_lr2x,probe_C,1.0
1,mlp_ae_lr2x,lowlabel_auc@50,0.8060588702037303
1,mlp_ae_lr2x,lowlabel_auc@200,0.8570513046570774
1,mlp_ae_lr2x,lowlabel_auc@1000,0.8762941373364136
1,mlp_ae_lr2x,knn_auc,0.8891523016416175
1,mlp_ae_lr2x,knn_pos_p10,0.5766985645933015
1,mlp_ae_lr2x,base_rate,0.2460560395573346
1,mlp_ae_lr2x,recon_num_mse,0.007474662270396948
1,mlp_ae_lr2x,recon_cat_acc,0.9974098801612854
1,mlp_ae_lr2x,masked_num_mse,0.8508961200714111
1,mlp_ae_lr2x,masked_cat_acc,0.7066712975502014
1,mlp_ae_lr2x,n_params,4816.0
1,mlp_ae_lr2x,best_step,1950.0
1,mlp_ae_lr2x,train_seconds,108.06128811836243
1,mlp_ae_lr2x,dim,16.0
1,sage_knn_cleannbr,probe_auc,0.8813413192711494
1,sage_knn_cleannbr,probe_ap,0.7033075586874474
1,sage_knn_cleannbr,probe_acc,0.8231692959736284
1,sage_knn_cleannbr,probe_C,100.0
1,sage_knn_cleannbr,lowlabel_auc@50,0.8025526659474191
1,sage_knn_cleannbr,lowlabel_auc@200,0.8550278870263501
1,sage_knn_cleannbr,lowlabel_auc@1000,0.8767500276442057
1,sage_knn_cleannbr,knn_auc,0.8876900725921897
1,sage_knn_cleannbr,knn_pos_p10,0.5679425837320574
1,sage_knn_cleannbr,base_rate,0.2460560395573346
1,sage_knn_cleannbr,recon_num_mse,0.029729709029197693
1,sage_knn_cleannbr,recon_cat_acc,0.992919385433197
1,sage_knn_cleannbr,masked_num_mse,0.034336820244789124
1,sage_knn_cleannbr,masked_cat_acc,0.9607363343238831
1,sage_knn_cleannbr,n_params,9552.0
1,sage_knn_cleannbr,best_step,1900.0
1,sage_knn_cleannbr,train_seconds,184.27594375610352
1,sage_knn_cleannbr,dim,16.0
2,raw,probe_auc,0.8956153674886211
2,raw,probe_ap,0.7367522219474117
2,raw,probe_acc,0.8368259948198729
2,raw,probe_C,0.01
2,raw,lowlabel_auc@50,0.7928422165871212
2,raw,lowlabel_auc@200,0.8368863397278614
2,raw,lowlabel_auc@1000,0.8815771617021658
2,raw,knn_auc,0.893359712380719
2,raw,knn_pos_p10,0.585311004784689
2,raw,base_rate,0.2460560395573346
2,raw,dim,53.0
2,hgb_ref,probe_auc,0.9286491098565789
2,hgb_ref,probe_ap,0.83581602303568
2,hgb_ref,probe_acc,0.8704968212856133
2,pca,probe_auc,0.8860738204889886
2,pca,probe_ap,0.7193415708994148
2,pca,probe_acc,0.830821756534024
2,pca,probe_C,0.01
2,pca,lowlabel_auc@50,0.7972554347013976
2,pca,lowlabel_auc@200,0.8508374625308942
2,pca,lowlabel_auc@1000,0.8815643183536606
2,pca,knn_auc,0.8883622750732945
2,pca,knn_pos_p10,0.5733492822966507
2,pca,base_rate,0.2460560395573346
2,pca,dim,16.0
2,prop_knn,probe_auc,0.8865395506397019
2,prop_knn,probe_ap,0.7203011558879672
2,prop_knn,probe_acc,0.8302331057216858
2,prop_knn,probe_C,0.01
2,prop_knn,lowlabel_auc@50,0.8025667346066603
2,prop_knn,lowlabel_auc@200,0.8558808975550569
2,prop_knn,lowlabel_auc@1000,0.8817608275629167
2,prop_knn,knn_auc,0.8873087319827022
2,prop_knn,knn_pos_p10,0.5739234449760765
2,prop_knn,base_rate,0.2460560395573346
2,prop_knn,dim,16.0
2,prop_rand,probe_auc,0.8859697811475484
2,prop_rand,probe_ap,0.7194399631452281
2,prop_rand,probe_acc,0.8305862962090887
2,prop_rand,probe_C,0.01
2,prop_rand,lowlabel_auc@50,0.7985737868676575
2,prop_rand,lowlabel_auc@200,0.8523708604669927
2,prop_rand,lowlabel_auc@1000,0.8816527387189227
2,prop_rand,knn_auc,0.8866184113398026
2,prop_rand,knn_pos_p10,0.5688516746411483
2,prop_rand,base_rate,0.2460560395573346
2,prop_rand,dim,16.0
2,prop_bip,probe_auc,0.8868476714613175
2,prop_bip,probe_ap,0.7212179070735734
2,prop_bip,probe_acc,0.8319990581587002
2,prop_bip,probe_C,0.01
2,prop_bip,lowlabel_auc@50,0.8001312277912429
2,prop_bip,lowlabel_auc@200,0.8519165092690274
2,prop_bip,lowlabel_auc@1000,0.8824635357984991
2,prop_bip,knn_auc,0.88909170853145
2,prop_bip,knn_pos_p10,0.5725837320574163
2,prop_bip,base_rate,0.2460560395573346
2,prop_bip,dim,16.0
2,mlp_ae,probe_auc,0.8836760218643254
2,mlp_ae,probe_ap,0.7199700529355137
2,mlp_ae,probe_acc,0.8332940899458441
2,mlp_ae,probe_C,100.0
2,mlp_ae,lowlabel_auc@50,0.824555159903051
2,mlp_ae,lowlabel_auc@200,0.8569700381639466
2,mlp_ae,lowlabel_auc@1000,0.8789661440666569
2,mlp_ae,knn_auc,0.8882053381708204
2,mlp_ae,knn_pos_p10,0.5775598086124402
2,mlp_ae,base_rate,0.2460560395573346
2,mlp_ae,recon_num_mse,0.008497522212564945
2,mlp_ae,recon_cat_acc,0.9945675730705261
2,mlp_ae,masked_num_mse,0.8077284693717957
2,mlp_ae,masked_cat_acc,0.701962947845459
2,mlp_ae,n_params,4816.0
2,mlp_ae,best_step,1950.0
2,mlp_ae,train_seconds,362.53481245040894
2,mlp_ae,dim,16.0
2,sage_selfloop,probe_auc,0.8823625858838227
2,sage_selfloop,probe_ap,0.7186428795555926
2,sage_selfloop,probe_acc,0.8323522486461031
2,sage_selfloop,probe_C,10.0
2,sage_selfloop,lowlabel_auc@50,0.807180294761946
2,sage_selfloop,lowlabel_auc@200,0.8580674720345238
2,sage_selfloop,lowlabel_auc@1000,0.8775104338197718
2,sage_selfloop,knn_auc,0.8853858159822361
2,sage_selfloop,knn_pos_p10,0.5730622009569378
2,sage_selfloop,base_rate,0.2460560395573346
2,sage_selfloop,recon_num_mse,0.007856229320168495
2,sage_selfloop,recon_cat_acc,0.9967203140258789
2,sage_selfloop,masked_num_mse,0.8032117486000061
2,sage_selfloop,masked_cat_acc,0.7021994590759277
2,sage_selfloop,n_params,9552.0
2,sage_selfloop,best_step,2000.0
2,sage_selfloop,train_seconds,130.74123311042786
2,sage_selfloop,dim,16.0
2,sage_rand,probe_auc,0.8844162515054886
2,sage_rand,probe_ap,0.7169195805741506
2,sage_rand,probe_acc,0.8330586296209089
2,sage_rand,probe_C,100.0
2,sage_rand,lowlabel_auc@50,0.7986858056716943
2,sage_rand,lowlabel_auc@200,0.8542200859809508
2,sage_rand,lowlabel_auc@1000,0.8801194005540796
2,sage_rand,knn_auc,0.8878938178590534
2,sage_rand,knn_pos_p10,0.5695215311004784
2,sage_rand,base_rate,0.2460560395573346
2,sage_rand,recon_num_mse,0.009779421612620354
2,sage_rand,recon_cat_acc,0.9922298192977905
2,sage_rand,masked_num_mse,0.8285811543464661
2,sage_rand,masked_cat_acc,0.6984254121780396
2,sage_rand,n_params,9552.0
2,sage_rand,best_step,2000.0
2,sage_rand,train_seconds,174.86017560958862
2,sage_rand,dim,16.0
2,sage_knn,probe_auc,0.868930639940946
2,sage_knn,probe_ap,0.6781943161913686
2,sage_knn,probe_acc,0.8204615022368731
2,sage_knn,probe_C,0.1
2,sage_knn,lowlabel_auc@50,0.8021041387111524
2,sage_knn,lowlabel_auc@200,0.8439723640129225
2,sage_knn,lowlabel_auc@1000,0.8647868071390787
2,sage_knn,knn_auc,0.88669256505354
2,sage_knn,knn_pos_p10,0.5789473684210527
2,sage_knn,base_rate,0.2460560395573346
2,sage_knn,recon_num_mse,0.00897962972521782
2,sage_knn,recon_cat_acc,0.9942817091941833
2,sage_knn,masked_num_mse,0.8169293999671936
2,sage_knn,masked_cat_acc,0.6991763710975647
2,sage_knn,n_params,9552.0
2,sage_knn,best_step,1850.0
2,sage_knn,train_seconds,175.74384331703186
2,sage_knn,dim,16.0
2,sage_bip,probe_auc,0.8902656159876154
2,sage_bip,probe_ap,0.730989421183293
2,sage_bip,probe_acc,0.8367082646574052
2,sage_bip,probe_C,0.01
2,sage_bip,lowlabel_auc@50,0.8240255454874197
2,sage_bip,lowlabel_auc@200,0.8630429546126972
2,sage_bip,lowlabel_auc@1000,0.8858991912949143
2,sage_bip,knn_auc,0.8888039846507416
2,sage_bip,knn_pos_p10,0.5774641148325359
2,sage_bip,base_rate,0.2460560395573346
2,sage_bip,recon_num_mse,0.00557686248794198
2,sage_bip,recon_cat_acc,0.9930707216262817
2,sage_bip,masked_num_mse,0.8089983463287354
2,sage_bip,masked_cat_acc,0.6980913281440735
2,sage_bip,n_params,14736.0
2,sage_bip,best_step,1900.0
2,sage_bip,train_seconds,174.42874264717102
2,sage_bip,dim,16.0
2,sage_bip_nopool,probe_auc,0.8879423446470358
2,sage_bip_nopool,probe_ap,0.7246134910127755
2,sage_bip_nopool,probe_acc,0.8347068518954556
2,sage_bip_nopool,probe_C,10.0
2,sage_bip_nopool,lowlabel_auc@50,0.8199633228634017
2,sage_bip_nopool,lowlabel_auc@200,0.8631975044006588
2,sage_bip_nopool,lowlabel_auc@1000,0.8835587618683298
2,sage_bip_nopool,knn_auc,0.8884233911819467
2,sage_bip_nopool,knn_pos_p10,0.5806698564593301
2,sage_bip_nopool,base_rate,0.2460560395573346
2,sage_bip_nopool,recon_num_mse,0.006086015608161688
2,sage_bip_nopool,recon_cat_acc,0.9960308074951172
2,sage_bip_nopool,masked_num_mse,0.8049641251564026
2,sage_bip_nopool,masked_cat_acc,0.7005745768547058
2,sage_bip_nopool,n_params,14736.0
2,sage_bip_nopool,best_step,1950.0
2,sage_bip_nopool,train_seconds,160.29747700691223
2,sage_bip_nopool,dim,16.0
2,sage_knn_k5,probe_auc,0.8743178231906495
2,sage_knn_k5,probe_ap,0.700725643036432
2,sage_knn_k5,probe_acc,0.8252884388980457
2,sage_knn_k5,probe_C,0.1
2,sage_knn_k5,lowlabel_auc@50,0.788603242889462
2,sage_knn_k5,lowlabel_auc@200,0.8408910997612139
2,sage_knn_k5,lowlabel_auc@1000,0.8700048863001294
2,sage_knn_k5,knn_auc,0.8856501917163018
2,sage_knn_k5,knn_pos_p10,0.5734928229665072
2,sage_knn_k5,base_rate,0.2460560395573346
2,sage_knn_k5,recon_num_mse,0.011349700391292572
2,sage_knn_k5,recon_cat_acc,0.9941302537918091
2,sage_knn_k5,masked_num_mse,0.8116637468338013
2,sage_knn_k5,masked_cat_acc,0.6948239207267761
2,sage_knn_k5,n_params,9552.0
2,sage_knn_k5,best_step,1950.0
2,sage_knn_k5,train_seconds,149.04162049293518
2,sage_knn_k5,dim,16.0
2,sage_knn_k20,probe_auc,0.883209096288504
2,sage_knn_k20,probe_ap,0.7184772531581813
2,sage_knn_k20,probe_acc,0.830821756534024
2,sage_knn_k20,probe_C,1.0
2,sage_knn_k20,lowlabel_auc@50,0.803665528273298
2,sage_knn_k20,lowlabel_auc@200,0.8491103496917297
2,sage_knn_k20,lowlabel_auc@1000,0.8790573064382606
2,sage_knn_k20,knn_auc,0.8839313198389762
2,sage_knn_k20,knn_pos_p10,0.5696172248803828
2,sage_knn_k20,base_rate,0.2460560395573346
2,sage_knn_k20,recon_num_mse,0.011396806687116623
2,sage_knn_k20,recon_cat_acc,0.9922129511833191
2,sage_knn_k20,masked_num_mse,0.8153965473175049
2,sage_knn_k20,masked_cat_acc,0.69697505235672
2,sage_knn_k20,n_params,9552.0
2,sage_knn_k20,best_step,1950.0
2,sage_knn_k20,train_seconds,211.35188961029053
2,sage_knn_k20,dim,16.0
2,mlp_ae_nomask,probe_auc,0.8847445451258036
2,mlp_ae_nomask,probe_ap,0.7176632556918878
2,mlp_ae_nomask,probe_acc,0.8310572168589593
2,mlp_ae_nomask,probe_C,0.01
2,mlp_ae_nomask,lowlabel_auc@50,0.8416537398874506
2,mlp_ae_nomask,lowlabel_auc@200,0.8609091618874567
2,mlp_ae_nomask,lowlabel_auc@1000,0.8811998593881215
2,mlp_ae_nomask,knn_auc,0.889202135925812
2,mlp_ae_nomask,knn_pos_p10,0.5791866028708134
2,mlp_ae_nomask,base_rate,0.2460560395573346
2,mlp_ae_nomask,recon_num_mse,0.0006379011319950223
2,mlp_ae_nomask,recon_cat_acc,0.9993945360183716
2,mlp_ae_nomask,masked_num_mse,0.9906816482543945
2,mlp_ae_nomask,masked_cat_acc,0.39560848474502563
2,mlp_ae_nomask,n_params,4816.0
2,mlp_ae_nomask,best_step,2000.0
2,mlp_ae_nomask,train_seconds,117.58229732513428
2,mlp_ae_nomask,dim,16.0
2,sage_selfloop_nomask,probe_auc,0.8883684763410428
2,sage_selfloop_nomask,probe_ap,0.7267419188583778
2,sage_selfloop_nomask,probe_acc,0.8318813279962326
2,sage_selfloop_nomask,probe_C,1.0
2,sage_selfloop_nomask,lowlabel_auc@50,0.8346921145277026
2,sage_selfloop_nomask,lowlabel_auc@200,0.8609752950458596
2,sage_selfloop_nomask,lowlabel_auc@1000,0.883369212274625
2,sage_selfloop_nomask,knn_auc,0.8874466167975159
2,sage_selfloop_nomask,knn_pos_p10,0.5744497607655502
2,sage_selfloop_nomask,base_rate,0.2460560395573346
2,sage_selfloop_nomask,recon_num_mse,0.0004545144038274884
2,sage_selfloop_nomask,recon_cat_acc,0.9992936253547668
2,sage_selfloop_nomask,masked_num_mse,0.9735167622566223
2,sage_selfloop_nomask,masked_cat_acc,0.4601893424987793
2,sage_selfloop_nomask,n_params,9552.0
2,sage_selfloop_nomask,best_step,2000.0
2,sage_selfloop_nomask,train_seconds,141.1470718383789
2,sage_selfloop_nomask,dim,16.0
2,sage_rand_nomask,probe_auc,0.879158585094842
2,sage_rand_nomask,probe_ap,0.7000944732657811
2,sage_rand_nomask,probe_acc,0.8271721214975276
2,sage_rand_nomask,probe_C,0.1
2,sage_rand_nomask,lowlabel_auc@50,0.8210475323437205
2,sage_rand_nomask,lowlabel_auc@200,0.8493349476553231
2,sage_rand_nomask,lowlabel_auc@1000,0.8747356504158585
2,sage_rand_nomask,knn_auc,0.8880268462593655
2,sage_rand_nomask,knn_pos_p10,0.5730143540669856
2,sage_rand_nomask,base_rate,0.2460560395573346
2,sage_rand_nomask,recon_num_mse,0.0005824250401929021
2,sage_rand_nomask,recon_cat_acc,0.9992936253547668
2,sage_rand_nomask,masked_num_mse,0.9800347089767456
2,sage_rand_nomask,masked_cat_acc,0.45214781165122986
2,sage_rand_nomask,n_params,9552.0
2,sage_rand_nomask,best_step,2000.0
2,sage_rand_nomask,train_seconds,178.8145787715912
2,sage_rand_nomask,dim,16.0
2,sage_knn_nomask,probe_auc,0.884291628437968
2,sage_knn_nomask,probe_ap,0.7144832792057593
2,sage_knn_nomask,probe_acc,0.8290558040970096
2,sage_knn_nomask,probe_C,0.01
2,sage_knn_nomask,lowlabel_auc@50,0.8129290193927838
2,sage_knn_nomask,lowlabel_auc@200,0.8562846224996935
2,sage_knn_nomask,lowlabel_auc@1000,0.8792574206013587
2,sage_knn_nomask,knn_auc,0.8902381585671635
2,sage_knn_nomask,knn_pos_p10,0.5763157894736842
2,sage_knn_nomask,base_rate,0.2460560395573346
2,sage_knn_nomask,recon_num_mse,0.0006676390185020864
2,sage_knn_nomask,recon_cat_acc,0.9989908933639526
2,sage_knn_nomask,masked_num_mse,1.0499995946884155
2,sage_knn_nomask,masked_cat_acc,0.5296239852905273
2,sage_knn_nomask,n_params,9552.0
2,sage_knn_nomask,best_step,2000.0
2,sage_knn_nomask,train_seconds,176.55924129486084
2,sage_knn_nomask,dim,16.0
2,mlp_ae_lr2x,probe_auc,0.8787592757516984
2,mlp_ae_lr2x,probe_ap,0.7045453613250885
2,mlp_ae_lr2x,probe_acc,0.8277607723098658
2,mlp_ae_lr2x,probe_C,0.01
2,mlp_ae_lr2x,lowlabel_auc@50,0.8053007764286078
2,mlp_ae_lr2x,lowlabel_auc@200,0.8503638313673573
2,mlp_ae_lr2x,lowlabel_auc@1000,0.8742457241138165
2,mlp_ae_lr2x,knn_auc,0.888379534023293
2,mlp_ae_lr2x,knn_pos_p10,0.5774162679425837
2,mlp_ae_lr2x,base_rate,0.2460560395573346
2,mlp_ae_lr2x,recon_num_mse,0.010403802618384361
2,mlp_ae_lr2x,recon_cat_acc,0.9979817271232605
2,mlp_ae_lr2x,masked_num_mse,0.8020758628845215
2,mlp_ae_lr2x,masked_cat_acc,0.7043918967247009
2,mlp_ae_lr2x,n_params,4816.0
2,mlp_ae_lr2x,best_step,2000.0
2,mlp_ae_lr2x,train_seconds,99.72464799880981
2,mlp_ae_lr2x,dim,16.0
2,sage_knn_cleannbr,probe_auc,0.8725303264407114
2,sage_knn_cleannbr,probe_ap,0.6856765587364165
2,sage_knn_cleannbr,probe_acc,0.8219919943489522
2,sage_knn_cleannbr,probe_C,100.0
2,sage_knn_cleannbr,lowlabel_auc@50,0.8032960821436361
2,sage_knn_cleannbr,lowlabel_auc@200,0.8469138606552724
2,sage_knn_cleannbr,lowlabel_auc@1000,0.8671768616504636
2,sage_knn_cleannbr,knn_auc,0.8885897420571472
2,sage_knn_cleannbr,knn_pos_p10,0.5739234449760765
2,sage_knn_cleannbr,base_rate,0.2460560395573346
2,sage_knn_cleannbr,recon_num_mse,0.03298373147845268
2,sage_knn_cleannbr,recon_cat_acc,0.9916579127311707
2,sage_knn_cleannbr,masked_num_mse,0.03757656365633011
2,sage_knn_cleannbr,masked_cat_acc,0.958538830280304
2,sage_knn_cleannbr,n_params,9552.0
2,sage_knn_cleannbr,best_step,2000.0
2,sage_knn_cleannbr,train_seconds,172.4755985736847
2,sage_knn_cleannbr,dim,16.0
3,raw,probe_auc,0.8933463012052874
3,raw,probe_ap,0.7285172955994716
3,raw,probe_acc,0.8341182010831175
3,raw,probe_C,0.01
3,raw,lowlabel_auc@50,0.7883244436043262
3,raw,lowlabel_auc@200,0.8359160766745666
3,raw,lowlabel_auc@1000,0.8788141158785328
3,raw,knn_auc,0.8870795465752566
3,raw,knn_pos_p10,0.5792822966507177
3,raw,base_rate,0.2460560395573346
3,raw,dim,53.0
3,hgb_ref,probe_auc,0.9255566945300336
3,hgb_ref,probe_ap,0.824948195398393
3,hgb_ref,probe_acc,0.8647280433246998
3,pca,probe_auc,0.8852007865897212
3,pca,probe_ap,0.7108654927753076
3,pca,probe_acc,0.8239934071109019
3,pca,probe_C,0.01
3,pca,lowlabel_auc@50,0.7867876125567453
3,pca,lowlabel_auc@200,0.8559248966704421
3,pca,lowlabel_auc@1000,0.8805667286295348
3,pca,knn_auc,0.8841662208727201
3,pca,knn_pos_p10,0.5683253588516747
3,pca,base_rate,0.2460560395573346
3,pca,dim,16.0
3,prop_knn,probe_auc,0.885163504269162
3,prop_knn,probe_ap,0.7106436283921699
3,prop_knn,probe_acc,0.8248175182481752
3,prop_knn,probe_C,0.01
3,prop_knn,lowlabel_auc@50,0.7922347613184344
3,prop_knn,lowlabel_auc@200,0.8580286057756965
3,prop_knn,lowlabel_auc@1000,0.8804344473699153
3,prop_knn,knn_auc,0.8828404570707902
3,prop_knn,knn_pos_p10,0.5694736842105264
3,prop_knn,base_rate,0.2460560395573346
3,prop_knn,dim,16.0
3,prop_rand,probe_auc,0.8852957108147119
3,prop_rand,probe_ap,0.7109368056148373
3,prop_rand,probe_acc,0.8245820579232399
3,prop_rand,probe_C,0.01
3,prop_rand,lowlabel_auc@50,0.7870499448610169
3,prop_rand,lowlabel_auc@200,0.8546049755087282
3,prop_rand,lowlabel_auc@1000,0.8806176201178092
3,prop_rand,knn_auc,0.8834094420652164
3,prop_rand,knn_pos_p10,0.5678468899521532
3,prop_rand,base_rate,0.2460560395573346
3,prop_rand,dim,16.0
3,prop_bip,probe_auc,0.8859319384714697
3,prop_bip,probe_ap,0.71245224980705
3,prop_bip,probe_acc,0.8251707087355781
3,prop_bip,probe_C,0.01
3,prop_bip,lowlabel_auc@50,0.7869957510108814
3,prop_bip,lowlabel_auc@200,0.8568972143606418
3,prop_bip,lowlabel_auc@1000,0.881413407140872
3,prop_bip,knn_auc,0.8841969657122193
3,prop_bip,knn_pos_p10,0.5664114832535885
3,prop_bip,base_rate,0.2460560395573346
3,prop_bip,dim,16.0
3,mlp_ae,probe_auc,0.8780657424038207
3,mlp_ae,probe_ap,0.7053079306654932
3,mlp_ae,probe_acc,0.8270543913350601
3,mlp_ae,probe_C,100.0
3,mlp_ae,lowlabel_auc@50,0.780007336921601
3,mlp_ae,lowlabel_auc@200,0.8466116235666107
3,mlp_ae,lowlabel_auc@1000,0.8732347082714453
3,mlp_ae,knn_auc,0.8800457773102337
3,mlp_ae,knn_pos_p10,0.5661244019138756
3,mlp_ae,base_rate,0.2460560395573346
3,mlp_ae,recon_num_mse,0.008894841186702251
3,mlp_ae,recon_cat_acc,0.994651734828949
3,mlp_ae,masked_num_mse,0.80733323097229
3,mlp_ae,masked_cat_acc,0.7066373229026794
3,mlp_ae,n_params,4816.0
3,mlp_ae,best_step,1950.0
3,mlp_ae,train_seconds,101.23266196250916
3,mlp_ae,dim,16.0
3,sage_selfloop,probe_auc,0.8843370919491107
3,sage_selfloop,probe_ap,0.711373088532711
3,sage_selfloop,probe_acc,0.8264657405227219
3,sage_selfloop,probe_C,100.0
3,sage_selfloop,lowlabel_auc@50,0.8023001622789584
3,sage_selfloop,lowlabel_auc@200,0.8576307496211996
3,sage_selfloop,lowlabel_auc@1000,0.8788365076850893
3,sage_selfloop,knn_auc,0.8810857597972559
3,sage_selfloop,knn_pos_p10,0.5698086124401914
3,sage_selfloop,base_rate,0.2460560395573346
3,sage_selfloop,recon_num_mse,0.0069344537332654
3,sage_selfloop,recon_cat_acc,0.9971408247947693
3,sage_selfloop,masked_num_mse,0.80548095703125
3,sage_selfloop,masked_cat_acc,0.70786052942276
3,sage_selfloop,n_params,9552.0
3,sage_selfloop,best_step,2000.0
3,sage_selfloop,train_seconds,125.90706300735474
3,sage_selfloop,dim,16.0
3,sage_rand,probe_auc,0.8852718396695844
3,sage_rand,probe_ap,0.7152037467730544
3,sage_rand,probe_acc,0.8307040263715564
3,sage_rand,probe_C,100.0
3,sage_rand,lowlabel_auc@50,0.801002603038173
3,sage_rand,lowlabel_auc@200,0.8587180335854683
3,sage_rand,lowlabel_auc@1000,0.8790662160910194
3,sage_rand,knn_auc,0.883467009255579
3,sage_rand,knn_pos_p10,0.5747368421052632
3,sage_rand,base_rate,0.2460560395573346
3,sage_rand,recon_num_mse,0.0127311572432518
3,sage_rand,recon_cat_acc,0.9958962202072144
3,sage_rand,masked_num_mse,0.8226108551025391
3,sage_rand,masked_cat_acc,0.7050104141235352
3,sage_rand,n_params,9552.0
3,sage_rand,best_step,1950.0
3,sage_rand,train_seconds,159.2124092578888
3,sage_rand,dim,16.0
3,sage_knn,probe_auc,0.8832943823985608
3,sage_knn,probe_ap,0.7053957714124426
3,sage_knn,probe_acc,0.8297621850718154
3,sage_knn,probe_C,1.0
3,sage_knn,lowlabel_auc@50,0.8086575151893702
3,sage_knn,lowlabel_auc@200,0.8531107314806237
3,sage_knn,lowlabel_auc@1000,0.8774575586729586
3,sage_knn,knn_auc,0.8831036373797478
3,sage_knn,knn_pos_p10,0.5652631578947368
3,sage_knn,base_rate,0.2460560395573346
3,sage_knn,recon_num_mse,0.010328354313969612
3,sage_knn,recon_cat_acc,0.9964008331298828
3,sage_knn,masked_num_mse,0.8180602192878723
3,sage_knn,masked_cat_acc,0.7039801478385925
3,sage_knn,n_params,9552.0
3,sage_knn,best_step,1950.0
3,sage_knn,train_seconds,174.64677143096924
3,sage_knn,dim,16.0
3,sage_bip,probe_auc,0.8880570681003799
3,sage_bip,probe_ap,0.7205446660239191
3,sage_bip,probe_acc,0.8321167883211679
3,sage_bip,probe_C,0.01
3,sage_bip,lowlabel_auc@50,0.8037668629654313
3,sage_bip,lowlabel_auc@200,0.8593270391710922
3,sage_bip,lowlabel_auc@1000,0.8834379977824864
3,sage_bip,knn_auc,0.8805464362883246
3,sage_bip,knn_pos_p10,0.5666985645933015
3,sage_bip,base_rate,0.2460560395573346
3,sage_bip,recon_num_mse,0.008352062664926052
3,sage_bip,recon_cat_acc,0.996653139591217
3,sage_bip,masked_num_mse,0.8089087605476379
3,sage_bip,masked_cat_acc,0.7014187574386597
3,sage_bip,n_params,14736.0
3,sage_bip,best_step,2000.0
3,sage_bip,train_seconds,173.56935358047485
3,sage_bip,dim,16.0
3,sage_bip_nopool,probe_auc,0.886341259499894
3,sage_bip_nopool,probe_ap,0.7149223451673675
3,sage_bip_nopool,probe_acc,0.8302331057216858
3,sage_bip_nopool,probe_C,0.1
3,sage_bip_nopool,lowlabel_auc@50,0.7963032786027872
3,sage_bip_nopool,lowlabel_auc@200,0.8597851073940032
3,sage_bip_nopool,lowlabel_auc@1000,0.8813014518437937
3,sage_bip_nopool,knn_auc,0.8810423882800522
3,sage_bip_nopool,knn_pos_p10,0.5665550239234449
3,sage_bip_nopool,base_rate,0.2460560395573346
3,sage_bip_nopool,recon_num_mse,0.006471838336437941
3,sage_bip_nopool,recon_cat_acc,0.9956271052360535
3,sage_bip_nopool,masked_num_mse,0.8053591251373291
3,sage_bip_nopool,masked_cat_acc,0.7003774046897888
3,sage_bip_nopool,n_params,14736.0
3,sage_bip_nopool,best_step,2000.0
3,sage_bip_nopool,train_seconds,159.80358028411865
3,sage_bip_nopool,dim,16.0
3,sage_knn_k5,probe_auc,0.8785358433275853
3,sage_knn_k5,probe_ap,0.7007267167041509
3,sage_knn_k5,probe_acc,0.8263480103602543
3,sage_knn_k5,probe_C,1.0
3,sage_knn_k5,lowlabel_auc@50,0.7907216407807321
3,sage_knn_k5,lowlabel_auc@200,0.8487275484221882
3,sage_knn_k5,lowlabel_auc@1000,0.872428771342074
3,sage_knn_k5,knn_auc,0.8802469075846734
3,sage_knn_k5,knn_pos_p10,0.5651674641148325
3,sage_knn_k5,base_rate,0.2460560395573346
3,sage_knn_k5,recon_num_mse,0.009294985793530941
3,sage_knn_k5,recon_cat_acc,0.9959972500801086
3,sage_knn_k5,masked_num_mse,0.8175014853477478
3,sage_knn_k5,masked_cat_acc,0.7031921148300171
3,sage_knn_k5,n_params,9552.0
3,sage_knn_k5,best_step,1900.0
3,sage_knn_k5,train_seconds,154.619882106781
3,sage_knn_k5,dim,16.0
3,sage_knn_k20,probe_auc,0.8853205158857054
3,sage_knn_k20,probe_ap,0.7119976587750626
3,sage_knn_k20,probe_acc,0.8278785024723334
3,sage_knn_k20,probe_C,100.0
3,sage_knn_k20,lowlabel_auc@50,0.817108711212191
3,sage_knn_k20,lowlabel_auc@200,0.8603776161131351
3,sage_knn_k20,lowlabel_auc@1000,0.8797705306790912
3,sage_knn_k20,knn_auc,0.8799116655559174
3,sage_knn_k20,knn_pos_p10,0.565311004784689
3,sage_knn_k20,base_rate,0.2460560395573346
3,sage_knn_k20,recon_num_mse,0.011693648993968964
3,sage_knn_k20,recon_cat_acc,0.9961990714073181
3,sage_knn_k20,masked_num_mse,0.814909815788269
3,sage_knn_k20,masked_cat_acc,0.7036150097846985
3,sage_knn_k20,n_params,9552.0
3,sage_knn_k20,best_step,2000.0
3,sage_knn_k20,train_seconds,213.18381786346436
3,sage_knn_k20,dim,16.0
3,mlp_ae_nomask,probe_auc,0.8833720476735534
3,mlp_ae_nomask,probe_ap,0.7086512515693261
3,mlp_ae_nomask,probe_acc,0.8271721214975276
3,mlp_ae_nomask,probe_C,100.0
3,mlp_ae_nomask,lowlabel_auc@50,0.8092707495913141
3,mlp_ae_nomask,lowlabel_auc@200,0.8571180355280342
3,mlp_ae_nomask,lowlabel_auc@1000,0.8784870288904363
3,mlp_ae_nomask,knn_auc,0.880626118843187
3,mlp_ae_nomask,knn_pos_p10,0.567177033492823
3,mlp_ae_nomask,base_rate,0.2460560395573346
3,mlp_ae_nomask,recon_num_mse,0.0005943928263150156
3,mlp_ae_nomask,recon_cat_acc,0.9987722039222717
3,mlp_ae_nomask,masked_num_mse,0.9991729855537415
3,mlp_ae_nomask,masked_cat_acc,0.4808841645717621
3,mlp_ae_nomask,n_params,4816.0
3,mlp_ae_nomask,best_step,1900.0
3,mlp_ae_nomask,train_seconds,108.41275787353516
3,mlp_ae_nomask,dim,16.0
3,sage_selfloop_nomask,probe_auc,0.8804072813343334
3,sage_selfloop_nomask,probe_ap,0.7060820891996284
3,sage_selfloop_nomask,probe_acc,0.8265834706851896
3,sage_selfloop_nomask,probe_C,0.01
3,sage_selfloop_nomask,lowlabel_auc@50,0.8172253622885218
3,sage_selfloop_nomask,lowlabel_auc@200,0.8601014766488648
3,sage_selfloop_nomask,lowlabel_auc@1000,0.8753493032165901
3,sage_selfloop_nomask,knn_auc,0.8819574114862422
3,sage_selfloop_nomask,knn_pos_p10,0.5682296650717703
3,sage_selfloop_nomask,base_rate,0.2460560395573346
3,sage_selfloop_nomask,recon_num_mse,0.000615619879681617
3,sage_selfloop_nomask,recon_cat_acc,0.9994112849235535
3,sage_selfloop_nomask,masked_num_mse,0.9942008852958679
3,sage_selfloop_nomask,masked_cat_acc,0.48801782727241516
3,sage_selfloop_nomask,n_params,9552.0
3,sage_selfloop_nomask,best_step,2000.0
3,sage_selfloop_nomask,train_seconds,136.51974201202393
3,sage_selfloop_nomask,dim,16.0
3,sage_rand_nomask,probe_auc,0.8651568323027773
3,sage_rand_nomask,probe_ap,0.6676677845115481
3,sage_rand_nomask,probe_acc,0.8209324228867436
3,sage_rand_nomask,probe_C,0.01
3,sage_rand_nomask,lowlabel_auc@50,0.7965067773132223
3,sage_rand_nomask,lowlabel_auc@200,0.8404128437967897
3,sage_rand_nomask,lowlabel_auc@1000,0.8581230966590857
3,sage_rand_nomask,knn_auc,0.8806956029275961
3,sage_rand_nomask,knn_pos_p10,0.5709090909090909
3,sage_rand_nomask,base_rate,0.2460560395573346
3,sage_rand_nomask,recon_num_mse,0.0006129885441623628
3,sage_rand_nomask,recon_cat_acc,0.9991086721420288
3,sage_rand_nomask,masked_num_mse,1.0090419054031372
3,sage_rand_nomask,masked_cat_acc,0.3687458038330078
3,sage_rand_nomask,n_params,9552.0
3,sage_rand_nomask,best_step,1900.0
3,sage_rand_nomask,train_seconds,184.82241010665894
3,sage_rand_nomask,dim,16.0
3,sage_knn_nomask,probe_auc,0.8838391226775132
3,sage_knn_nomask,probe_ap,0.7083057702591808
3,sage_knn_nomask,probe_acc,0.8264657405227219
3,sage_knn_nomask,probe_C,1.0
3,sage_knn_nomask,lowlabel_auc@50,0.8139527291555219
3,sage_knn_nomask,lowlabel_auc@200,0.8604773407170757
3,sage_knn_nomask,lowlabel_auc@1000,0.8786235501734861
3,sage_knn_nomask,knn_auc,0.8834490031648881
3,sage_knn_nomask,knn_pos_p10,0.5695693779904306
3,sage_knn_nomask,base_rate,0.2460560395573346
3,sage_knn_nomask,recon_num_mse,0.0007962224190123379
3,sage_knn_nomask,recon_cat_acc,0.9989741444587708
3,sage_knn_nomask,masked_num_mse,1.0792850255966187
3,sage_knn_nomask,masked_cat_acc,0.47147136926651
3,sage_knn_nomask,n_params,9552.0
3,sage_knn_nomask,best_step,2000.0
3,sage_knn_nomask,train_seconds,181.1337080001831
3,sage_knn_nomask,dim,16.0
3,mlp_ae_lr2x,probe_auc,0.8818193398862554
3,mlp_ae_lr2x,probe_ap,0.6980658462643177
3,mlp_ae_lr2x,probe_acc,0.8283494231222039
3,mlp_ae_lr2x,probe_C,0.01
3,mlp_ae_lr2x,lowlabel_auc@50,0.8026079543586693
3,mlp_ae_lr2x,lowlabel_auc@200,0.8532514143373311
3,mlp_ae_lr2x,lowlabel_auc@1000,0.8758786673400893
3,mlp_ae_lr2x,knn_auc,0.8824459294280788
3,mlp_ae_lr2x,knn_pos_p10,0.5707655502392345
3,mlp_ae_lr2x,base_rate,0.2460560395573346
3,mlp_ae_lr2x,recon_num_mse,0.00626088073477149
3,mlp_ae_lr2x,recon_cat_acc,0.9975781440734863
3,mlp_ae_lr2x,masked_num_mse,0.8007295727729797
3,mlp_ae_lr2x,masked_cat_acc,0.7102947235107422
3,mlp_ae_lr2x,n_params,4816.0
3,mlp_ae_lr2x,best_step,2000.0
3,mlp_ae_lr2x,train_seconds,96.33865165710449
3,mlp_ae_lr2x,dim,16.0
3,sage_knn_cleannbr,probe_auc,0.8864949089833207
3,sage_knn_cleannbr,probe_ap,0.7124462740285519
3,sage_knn_cleannbr,probe_acc,0.8304685660466211
3,sage_knn_cleannbr,probe_C,100.0
3,sage_knn_cleannbr,lowlabel_auc@50,0.8074543123466494
3,sage_knn_cleannbr,lowlabel_auc@200,0.8577227301118618
3,sage_knn_cleannbr,lowlabel_auc@1000,0.8814968739633423
3,sage_knn_cleannbr,knn_auc,0.8797966432462965
3,sage_knn_cleannbr,knn_pos_p10,0.5654066985645932
3,sage_knn_cleannbr,base_rate,0.2460560395573346
3,sage_knn_cleannbr,recon_num_mse,0.037202466279268265
3,sage_knn_cleannbr,recon_cat_acc,0.9921625852584839
3,sage_knn_cleannbr,masked_num_mse,0.0365992933511734
3,sage_knn_cleannbr,masked_cat_acc,0.9588513970375061
3,sage_knn_cleannbr,n_params,9552.0
3,sage_knn_cleannbr,best_step,2000.0
3,sage_knn_cleannbr,train_seconds,170.02311611175537
3,sage_knn_cleannbr,dim,16.0
4,raw,probe_auc,0.8938951881150836
4,raw,probe_ap,0.7354710323636233
4,raw,probe_acc,0.8391805980692253
4,raw,probe_C,100.0
4,raw,lowlabel_auc@50,0.8078330416994163
4,raw,lowlabel_auc@200,0.8348961586508434
4,raw,lowlabel_auc@1000,0.8807094997444779
4,raw,knn_auc,0.8891554396325263
4,raw,knn_pos_p10,0.5804784688995215
4,raw,base_rate,0.2460560395573346
4,raw,dim,53.0
4,hgb_ref,probe_auc,0.924809665908568
4,hgb_ref,probe_ap,0.8277481752268613
4,hgb_ref,probe_acc,0.8633152813750883
4,pca,probe_auc,0.8831379311375366
4,pca,probe_ap,0.7146973932022417
4,pca,probe_acc,0.8303508358841535
4,pca,probe_C,0.01
4,pca,lowlabel_auc@50,0.8129373537472094
4,pca,lowlabel_auc@200,0.8545329548816678
4,pca,lowlabel_auc@1000,0.8793267477862221
4,pca,knn_auc,0.8859613758147569
4,pca,knn_pos_p10,0.5650717703349283
4,pca,base_rate,0.2460560395573346
4,pca,dim,16.0
4,prop_knn,probe_auc,0.8830355728626548
4,prop_knn,probe_ap,0.7144617244743388
4,prop_knn,probe_acc,0.8297621850718154
4,prop_knn,probe_C,0.01
4,prop_knn,lowlabel_auc@50,0.8152763150423331
4,prop_knn,lowlabel_auc@200,0.8582222907931346
4,prop_knn,lowlabel_auc@1000,0.8790558644567241
4,prop_knn,knn_auc,0.8843295458281157
4,prop_knn,knn_pos_p10,0.5676555023923445
4,prop_knn,base_rate,0.2460560395573346
4,prop_knn,dim,16.0
4,prop_rand,probe_auc,0.883128442450741
4,prop_rand,probe_ap,0.7147242329934673
4,prop_rand,probe_acc,0.8304685660466211
4,prop_rand,probe_C,0.01
4,prop_rand,lowlabel_auc@50,0.8066179294340559
4,prop_rand,lowlabel_auc@200,0.8532658603026219
4,prop_rand,lowlabel_auc@1000,0.8791119821941431
4,prop_rand,knn_auc,0.8844187170697739
4,prop_rand,knn_pos_p10,0.5607177033492823
4,prop_rand,base_rate,0.2460560395573346
4,prop_rand,dim,16.0
4,prop_bip,probe_auc,0.8839397998858369
4,prop_bip,probe_ap,0.7161822600719496
4,prop_bip,probe_acc,0.8307040263715564
4,prop_bip,probe_C,0.01
4,prop_bip,lowlabel_auc@50,0.8139378759985535
4,prop_bip,lowlabel_auc@200,0.8558024477823369
4,prop_bip,lowlabel_auc@1000,0.8801406828567074
4,prop_bip,knn_auc,0.8860937691454802
4,prop_bip,knn_pos_p10,0.565933014354067
4,prop_bip,base_rate,0.2460560395573346
4,prop_bip,dim,16.0
4,mlp_ae,probe_auc,0.8817287490772812
4,mlp_ae,probe_ap,0.7085959010191037
4,mlp_ae,probe_acc,0.8329408994584413
4,mlp_ae,probe_C,1.0
4,mlp_ae,lowlabel_auc@50,0.8130588052024901
4,mlp_ae,lowlabel_auc@200,0.852775863022214
4,mlp_ae,lowlabel_auc@1000,0.8779263857218425
4,mlp_ae,knn_auc,0.8813072122985336
4,mlp_ae,knn_pos_p10,0.564066985645933
4,mlp_ae,base_rate,0.2460560395573346
4,mlp_ae,recon_num_mse,0.010946935042738914
4,mlp_ae,recon_cat_acc,0.995374858379364
4,mlp_ae,masked_num_mse,0.8256925940513611
4,mlp_ae,masked_cat_acc,0.7000016570091248
4,mlp_ae,n_params,4816.0
4,mlp_ae,best_step,2000.0
4,mlp_ae,train_seconds,99.45891523361206
4,mlp_ae,dim,16.0
4,sage_selfloop,probe_auc,0.8843613740216192
4,sage_selfloop,probe_ap,0.71871355285471
4,sage_selfloop,probe_acc,0.8372969154697434
4,sage_selfloop,probe_C,0.1
4,sage_selfloop,lowlabel_auc@50,0.8273840848572511
4,sage_selfloop,lowlabel_auc@200,0.8571967878927346
4,sage_selfloop,lowlabel_auc@1000,0.8799298248104505
4,sage_selfloop,knn_auc,0.8815514899479691
4,sage_selfloop,knn_pos_p10,0.571244019138756
4,sage_selfloop,base_rate,0.2460560395573346
4,sage_selfloop,recon_num_mse,0.007755538914352655
4,sage_selfloop,recon_cat_acc,0.9967876076698303
4,sage_selfloop,masked_num_mse,0.8223869800567627
4,sage_selfloop,masked_cat_acc,0.7051933407783508
4,sage_selfloop,n_params,9552.0
4,sage_selfloop,best_step,1900.0
4,sage_selfloop,train_seconds,128.79204893112183
4,sage_selfloop,dim,16.0
4,sage_rand,probe_auc,0.8802685373077233
4,sage_rand,probe_ap,0.7120117380532177
4,sage_rand,probe_acc,0.8328231692959737
4,sage_rand,probe_C,0.1
4,sage_rand,lowlabel_auc@50,0.8068383807668054
4,sage_rand,lowlabel_auc@200,0.8511010761814536
4,sage_rand,lowlabel_auc@1000,0.8760320030244255
4,sage_rand,knn_auc,0.8814081883631343
4,sage_rand,knn_pos_p10,0.5648803827751196
4,sage_rand,base_rate,0.2460560395573346
4,sage_rand,recon_num_mse,0.008363484404981136
4,sage_rand,recon_cat_acc,0.995374858379364
4,sage_rand,masked_num_mse,0.8348069787025452
4,sage_rand,masked_cat_acc,0.7033793330192566
4,sage_rand,n_params,9552.0
4,sage_rand,best_step,1800.0
4,sage_rand,train_seconds,179.04763650894165
4,sage_rand,dim,16.0
4,sage_knn,probe_auc,0.8849377183518674
4,sage_knn,probe_ap,0.7198293667116519
4,sage_knn,probe_acc,0.8369437249823405
4,sage_knn,probe_C,0.1
4,sage_knn,lowlabel_auc@50,0.8202718060482533
4,sage_knn,lowlabel_auc@200,0.8617445361601153
4,sage_knn,lowlabel_auc@1000,0.8808901097997962
4,sage_knn,knn_auc,0.8813888374191967
4,sage_knn,knn_pos_p10,0.5685167464114832
4,sage_knn,base_rate,0.2460560395573346
4,sage_knn,recon_num_mse,0.009148985147476196
4,sage_knn,recon_cat_acc,0.9918429255485535
4,sage_knn,masked_num_mse,0.8279397487640381
4,sage_knn,masked_cat_acc,0.6927255392074585
4,sage_knn,n_params,9552.0
4,sage_knn,best_step,1900.0
4,sage_knn,train_seconds,667.3274195194244
4,sage_knn,dim,16.0
4,sage_bip,probe_auc,0.8843872250895821
4,sage_bip,probe_ap,0.7179264805917457
4,sage_bip,probe_acc,0.833647280433247
4,sage_bip,probe_C,1.0
4,sage_bip,lowlabel_auc@50,0.8272232292018445
4,sage_bip,lowlabel_auc@200,0.8606072273907757
4,sage_bip,lowlabel_auc@1000,0.8800140350379099
4,sage_bip,knn_auc,0.8830487598958785
4,sage_bip,knn_pos_p10,0.5761722488038278
4,sage_bip,base_rate,0.2460560395573346
4,sage_bip,recon_num_mse,0.005534706637263298
4,sage_bip,recon_cat_acc,0.9924653172492981
4,sage_bip,masked_num_mse,0.8198671340942383
4,sage_bip,masked_cat_acc,0.6950202584266663
4,sage_bip,n_params,14736.0
4,sage_bip,best_step,1950.0
4,sage_bip,train_seconds,216.9991810321808
4,sage_bip,dim,16.0
4,sage_bip_nopool,probe_auc,0.8850358179248017
4,sage_bip_nopool,probe_ap,0.7167481001708688
4,sage_bip_nopool,probe_acc,0.8341182010831175
4,sage_bip_nopool,probe_C,100.0
4,sage_bip_nopool,lowlabel_auc@50,0.8340260348645734
4,sage_bip_nopool,lowlabel_auc@200,0.860188791245902
4,sage_bip_nopool,lowlabel_auc@1000,0.8811208754098067
4,sage_bip_nopool,knn_auc,0.8833186271140346
4,sage_bip_nopool,knn_pos_p10,0.5723923444976077
4,sage_bip_nopool,base_rate,0.2460560395573346
4,sage_bip_nopool,recon_num_mse,0.004602654371410608
4,sage_bip_nopool,recon_cat_acc,0.9907833933830261
4,sage_bip_nopool,masked_num_mse,0.821824312210083
4,sage_bip_nopool,masked_cat_acc,0.7033019661903381
4,sage_bip_nopool,n_params,14736.0
4,sage_bip_nopool,best_step,1900.0
4,sage_bip_nopool,train_seconds,165.45847988128662
4,sage_bip_nopool,dim,16.0
4,sage_knn_k5,probe_auc,0.8843341781004097
4,sage_knn_k5,probe_ap,0.7174847986858054
4,sage_knn_k5,probe_acc,0.8351777725453261
4,sage_knn_k5,probe_C,100.0
4,sage_knn_k5,lowlabel_auc@50,0.8147037213583616
4,sage_knn_k5,lowlabel_auc@200,0.8577168426432046
4,sage_knn_k5,lowlabel_auc@1000,0.880411491472136
4,sage_knn_k5,knn_auc,0.8810118302257262
4,sage_knn_k5,knn_pos_p10,0.5710047846889952
4,sage_knn_k5,base_rate,0.2460560395573346
4,sage_knn_k5,recon_num_mse,0.008926217444241047
4,sage_knn_k5,recon_cat_acc,0.9943658113479614
4,sage_knn_k5,masked_num_mse,0.8263439536094666
4,sage_knn_k5,masked_cat_acc,0.6980361342430115
4,sage_knn_k5,n_params,9552.0
4,sage_knn_k5,best_step,1950.0
4,sage_knn_k5,train_seconds,146.30151271820068
4,sage_knn_k5,dim,16.0
4,sage_knn_k20,probe_auc,0.8841301339772691
4,sage_knn_k20,probe_ap,0.7201158432027376
4,sage_knn_k20,probe_acc,0.8363550741700023
4,sage_knn_k20,probe_C,0.01
4,sage_knn_k20,lowlabel_auc@50,0.8096426799637786
4,sage_knn_k20,lowlabel_auc@200,0.8576476499436657
4,sage_knn_k20,lowlabel_auc@1000,0.8806147884545844
4,sage_knn_k20,knn_auc,0.881531093007062
4,sage_knn_k20,knn_pos_p10,0.5691387559808613
4,sage_knn_k20,base_rate,0.2460560395573346
4,sage_knn_k20,recon_num_mse,0.008853765204548836
4,sage_knn_k20,recon_cat_acc,0.9936257600784302
4,sage_knn_k20,masked_num_mse,0.8314688801765442
4,sage_knn_k20,masked_cat_acc,0.7022963762283325
4,sage_knn_k20,n_params,9552.0
4,sage_knn_k20,best_step,1900.0
4,sage_knn_k20,train_seconds,214.01871800422668
4,sage_knn_k20,dim,16.0
4,mlp_ae_nomask,probe_auc,0.8788052622613259
4,mlp_ae_nomask,probe_ap,0.7011512509211204
4,mlp_ae_nomask,probe_acc,0.828938073934542
4,mlp_ae_nomask,probe_C,0.1
4,mlp_ae_nomask,lowlabel_auc@50,0.8187160461912262
4,mlp_ae_nomask,lowlabel_auc@200,0.8518397069415349
4,mlp_ae_nomask,lowlabel_auc@1000,0.8745141829717671
4,mlp_ae_nomask,knn_auc,0.883227998948026
4,mlp_ae_nomask,knn_pos_p10,0.5693301435406699
4,mlp_ae_nomask,base_rate,0.2460560395573346
4,mlp_ae_nomask,recon_num_mse,0.0004695704556070268
4,mlp_ae_nomask,recon_cat_acc,0.9992767572402954
4,mlp_ae_nomask,masked_num_mse,1.0287249088287354
4,mlp_ae_nomask,masked_cat_acc,0.43918028473854065
4,mlp_ae_nomask,n_params,4816.0
4,mlp_ae_nomask,best_step,1950.0
4,mlp_ae_nomask,train_seconds,108.41388463973999
4,mlp_ae_nomask,dim,16.0
4,sage_selfloop_nomask,probe_auc,0.8822982197131577
4,sage_selfloop_nomask,probe_ap,0.7152131909574363
4,sage_selfloop_nomask,probe_acc,0.8321167883211679
4,sage_selfloop_nomask,probe_C,0.01
4,sage_selfloop_nomask,lowlabel_auc@50,0.8355659926959526
4,sage_selfloop_nomask,lowlabel_auc@200,0.8592225590166432
4,sage_selfloop_nomask,lowlabel_auc@1000,0.8776733441120831
4,sage_selfloop_nomask,knn_auc,0.8857775044903156
4,sage_selfloop_nomask,knn_pos_p10,0.5731578947368421
4,sage_selfloop_nomask,base_rate,0.2460560395573346
4,sage_selfloop_nomask,recon_num_mse,0.00042336340993642807
4,sage_selfloop_nomask,recon_cat_acc,0.9992262721061707
4,sage_selfloop_nomask,masked_num_mse,0.9986457824707031
4,sage_selfloop_nomask,masked_cat_acc,0.47766396403312683
4,sage_selfloop_nomask,n_params,9552.0
4,sage_selfloop_nomask,best_step,2000.0
4,sage_selfloop_nomask,train_seconds,148.68026971817017
4,sage_selfloop_nomask,dim,16.0
4,sage_rand_nomask,probe_auc,0.8860378830216762
4,sage_rand_nomask,probe_ap,0.7181808771271505
4,sage_rand_nomask,probe_acc,0.8340004709206499
4,sage_rand_nomask,probe_C,10.0
4,sage_rand_nomask,lowlabel_auc@50,0.8283912342465385
4,sage_rand_nomask,lowlabel_auc@200,0.8630839726367192
4,sage_rand_nomask,lowlabel_auc@1000,0.8819273988446217
4,sage_rand_nomask,knn_auc,0.8840979322134193
4,sage_rand_nomask,knn_pos_p10,0.5720095693779904
4,sage_rand_nomask,base_rate,0.2460560395573346
4,sage_rand_nomask,recon_num_mse,0.0006314440397545695
4,sage_rand_nomask,recon_cat_acc,0.9988563656806946
4,sage_rand_nomask,masked_num_mse,1.003604531288147
4,sage_rand_nomask,masked_cat_acc,0.4576431214809418
4,sage_rand_nomask,n_params,9552.0
4,sage_rand_nomask,best_step,1950.0
4,sage_rand_nomask,train_seconds,185.2111005783081
4,sage_rand_nomask,dim,16.0
4,sage_knn_nomask,probe_auc,0.881045040629511
4,sage_knn_nomask,probe_ap,0.7082543056708589
4,sage_knn_nomask,probe_acc,0.8343536614080528
4,sage_knn_nomask,probe_C,1.0
4,sage_knn_nomask,lowlabel_auc@50,0.8180079958996919
4,sage_knn_nomask,lowlabel_auc@200,0.855306888039473
4,sage_knn_nomask,lowlabel_auc@1000,0.8754574854531707
4,sage_knn_nomask,knn_auc,0.8862862699449208
4,sage_knn_nomask,knn_pos_p10,0.5700956937799043
4,sage_knn_nomask,base_rate,0.2460560395573346
4,sage_knn_nomask,recon_num_mse,0.0005730698467232287
4,sage_knn_nomask,recon_cat_acc,0.9990077614784241
4,sage_knn_nomask,masked_num_mse,1.0847975015640259
4,sage_knn_nomask,masked_cat_acc,0.5149636268615723
4,sage_knn_nomask,n_params,9552.0
4,sage_knn_nomask,best_step,1950.0
4,sage_knn_nomask,train_seconds,176.2891390323639
4,sage_knn_nomask,dim,16.0
4,mlp_ae_lr2x,probe_auc,0.880970401274323
4,mlp_ae_lr2x,probe_ap,0.705128987464031
4,mlp_ae_lr2x,probe_acc,0.8311749470214269
4,mlp_ae_lr2x,probe_C,0.1
4,mlp_ae_lr2x,lowlabel_auc@50,0.82357510557098
4,mlp_ae_lr2x,lowlabel_auc@200,0.8524330263083181
4,mlp_ae_lr2x,lowlabel_auc@1000,0.8770786089136873
4,mlp_ae_lr2x,knn_auc,0.8848553460905115
4,mlp_ae_lr2x,knn_pos_p10,0.5691387559808613
4,mlp_ae_lr2x,base_rate,0.2460560395573346
4,mlp_ae_lr2x,recon_num_mse,0.010470331646502018
4,mlp_ae_lr2x,recon_cat_acc,0.9969726204872131
4,mlp_ae_lr2x,masked_num_mse,0.8268481492996216
4,mlp_ae_lr2x,masked_cat_acc,0.7038567662239075
4,mlp_ae_lr2x,n_params,4816.0
4,mlp_ae_lr2x,best_step,1900.0
4,mlp_ae_lr2x,train_seconds,103.16246914863586
4,mlp_ae_lr2x,dim,16.0
4,sage_knn_cleannbr,probe_auc,0.8847119324345729
4,sage_knn_cleannbr,probe_ap,0.7221036379209259
4,sage_knn_cleannbr,probe_acc,0.83647280433247
4,sage_knn_cleannbr,probe_C,0.01
4,sage_knn_cleannbr,lowlabel_auc@50,0.8249515666046042
4,sage_knn_cleannbr,lowlabel_auc@200,0.859451591260247
4,sage_knn_cleannbr,lowlabel_auc@1000,0.8804123170626015
4,sage_knn_cleannbr,knn_auc,0.8808705832777959
4,sage_knn_cleannbr,knn_pos_p10,0.5659808612440191
4,sage_knn_cleannbr,base_rate,0.2460560395573346
4,sage_knn_cleannbr,recon_num_mse,0.03839270770549774
4,sage_knn_cleannbr,recon_cat_acc,0.9910525679588318
4,sage_knn_cleannbr,masked_num_mse,0.04369034618139267
4,sage_knn_cleannbr,masked_cat_acc,0.9563402533531189
4,sage_knn_cleannbr,n_params,9552.0
4,sage_knn_cleannbr,best_step,2000.0
4,sage_knn_cleannbr,train_seconds,173.73390817642212
4,sage_knn_cleannbr,dim,16.0
